symbol,name,price,price_change,volume,market_cap,total_value,percentage_change,chart_link
vcb,Ngân hàng TMCP Ngoại thương Việt Nam,91.60,0,"947,800","1,488,417","5,589,091,262","511,961",https://www.cophieu68.vn/chart/chart.php?id=vcb
bid,Ngân hàng TMCP Đầu tư và Phát triển Việt Nam,40.65,0.65,"4,557,800","2,243,659","6,897,527,439","228,017",https://www.cophieu68.vn/chart/chart.php?id=bid
ctg,Ngân hàng TMCP Công Thương Việt Nam,40.55,-0.30,"5,515,600","7,859,406","5,369,991,748","219,364",https://www.cophieu68.vn/chart/chart.php?id=ctg
fpt,CTCP FPT,144.90,1.80,"3,251,700","4,250,749","1,460,448,066","208,990",https://www.cophieu68.vn/chart/chart.php?id=fpt
tcb,Ngân hàng TMCP Kỹ thương Việt Nam,26,0.05,"10,239,600","11,989,783","7,045,021,622","182,818",https://www.cophieu68.vn/chart/chart.php?id=tcb
vhm,CTCP Vinhomes,38.80,0.05,"4,245,600","9,445,645","4,354,367,488","168,732",https://www.cophieu68.vn/chart/chart.php?id=vhm
hpg,CTCP Tập đoàn Hòa Phát,26.10,0.20,"18,580,600","21,010,444","6,396,250,200","165,663",https://www.cophieu68.vn/chart/chart.php?id=hpg
gas,Tổng Công ty Khí Việt Nam - CTCP,67.70,1,"1,147,200","1,025,967","2,342,674,644","156,256",https://www.cophieu68.vn/chart/chart.php?id=gas
vic,Tập đoàn VINGROUP - CTCP,40.25,0,"996,500","2,601,676","3,823,661,561","153,902",https://www.cophieu68.vn/chart/chart.php?id=vic
vpb,Ngân hàng TMCP Việt Nam Thịnh Vượng,19,0.10,"11,535,000","18,164,882","7,933,923,601","149,951",https://www.cophieu68.vn/chart/chart.php?id=vpb
vnm,CTCP Sữa Việt Nam,60.30,-0.40,"6,401,800","3,603,837","2,089,955,445","126,860",https://www.cophieu68.vn/chart/chart.php?id=vnm
mbb,Ngân hàng TMCP Quân Đội,22.85,-0.05,"8,160,100","15,300,297","6,080,146,660","121,074",https://www.cophieu68.vn/chart/chart.php?id=mbb
gvr,Tập đoàn Công nghiệp Cao su Việt Nam - CTCP,30.35,0.90,"5,564,300","3,453,626","4,000,000,000","117,800",https://www.cophieu68.vn/chart/chart.php?id=gvr
acb,Ngân hàng TMCP Á Châu,25.75,0.05,"8,139,200","8,192,075","4,466,657,912","114,793",https://www.cophieu68.vn/chart/chart.php?id=acb
msn,CTCP Tập đoàn Masan,68.10,-0.80,"2,983,400","4,984,090","1,438,351,617","99,102",https://www.cophieu68.vn/chart/chart.php?id=msn
lpb,Ngân hàng TMCP Bưu điện Liên Việt,37.50,-0.20,"2,767,900","3,821,161","2,987,282,100","96,422",https://www.cophieu68.vn/chart/chart.php?id=lpb
mwg,CTCP Đầu tư Thế giới Di động,55.20,0.40,"11,169,000","8,549,525","1,463,709,630","80,198",https://www.cophieu68.vn/chart/chart.php?id=mwg
stb,Ngân hàng TMCP Sài Gòn Thương Tín,38.25,-0.55,"8,007,000","13,242,276","1,885,215,716","73,146",https://www.cophieu68.vn/chart/chart.php?id=stb
bcm,Tổng Công ty Đầu tư và Phát triển Công nghiệp – CTCP,70.10,0,"228,600","652,961","1,035,000,000","72,554",https://www.cophieu68.vn/chart/chart.php?id=bcm
sab,Tổng Công ty cổ phần Bia - Rượu - Nước giải khát Sài Gòn,51.60,-0.10,"668,700","854,779","1,282,562,372","66,308",https://www.cophieu68.vn/chart/chart.php?id=sab
hdb,Ngân hàng TMCP Phát triển TPHCM,22.85,0.15,"8,445,600","8,033,294","3,495,060,732","65,773",https://www.cophieu68.vn/chart/chart.php?id=hdb
hvn,Tổng Công ty Hàng không Việt Nam - CTCP,29.15,1.90,"5,251,200","2,879,996","2,214,394,174","60,342",https://www.cophieu68.vn/chart/chart.php?id=hvn
plx,Tập đoàn Xăng Dầu Việt Nam,42.35,0.35,"2,154,600","1,460,880","1,293,878,081","54,343",https://www.cophieu68.vn/chart/chart.php?id=plx
vjc,CTCP Hàng không Vietjet,96.70,0.50,"511,200","771,415","541,611,334","52,103",https://www.cophieu68.vn/chart/chart.php?id=vjc
vib,Ngân hàng TMCP Quốc tế Việt Nam,20.45,0,"5,230,800","6,938,713","2,979,127,815","51,878",https://www.cophieu68.vn/chart/chart.php?id=vib
ssi,CTCP Chứng khoán SSI,24.90,0.10,"16,151,100","15,041,904","1,961,880,270","48,655",https://www.cophieu68.vn/chart/chart.php?id=ssi
ssb,Ngân hàng TMCP Đông Nam Á,19.50,0.45,"2,370,900","2,151,114","2,835,000,000","47,543",https://www.cophieu68.vn/chart/chart.php?id=ssb
dgc,CTCP Tập đoàn Hóa chất Đức Giang,108,-0.50,"1,254,600","2,353,495","379,779,286","41,206",https://www.cophieu68.vn/chart/chart.php?id=dgc
bvh,Tập đoàn Bảo Việt,54.40,0,"1,080,700","626,982","742,322,764","40,382",https://www.cophieu68.vn/chart/chart.php?id=bvh
shb,Ngân hàng TMCP Sài Gòn - Hà Nội,10.80,0.05,"19,441,500","17,398,041","3,662,908,542","39,376",https://www.cophieu68.vn/chart/chart.php?id=shb
vre,CTCP Vincom Retail,16.60,-0.05,"5,337,400","8,677,707","2,328,818,410","38,775",https://www.cophieu68.vn/chart/chart.php?id=vre
tpb,Ngân hàng TMCP Tiên Phong,16.90,0,"9,816,600","11,587,926","2,641,956,196","37,208",https://www.cophieu68.vn/chart/chart.php?id=tpb
eib,Ngân hàng TMCP Xuất nhập khẩu Việt Nam,19.10,-0.05,"4,095,300","8,325,698","1,862,720,607","33,221",https://www.cophieu68.vn/chart/chart.php?id=eib
ree,CTCP Cơ Điện Lạnh,67.50,-0.40,"617,100","855,127","471,013,400","31,982",https://www.cophieu68.vn/chart/chart.php?id=ree
pnj,CTCP Vàng bạc Đá quý Phú Nhuận,95.60,0.60,"234,900","1,119,253","338,074,776","31,799",https://www.cophieu68.vn/chart/chart.php?id=pnj
kdh,CTCP Đầu tư và Kinh doanh Nhà Khang Điền,33.85,0.05,"1,067,300","2,908,442","1,011,142,565","30,738",https://www.cophieu68.vn/chart/chart.php?id=kdh
pow,Tổng Công ty Điện lực Dầu khí Việt Nam - CTCP,12.15,0,"3,849,600","8,288,315","2,341,871,600","28,454",https://www.cophieu68.vn/chart/chart.php?id=pow
frt,CTCP Bán lẻ Kỹ thuật số FPT,190.50,0.50,"274,800","592,455","136,242,389","25,886",https://www.cophieu68.vn/chart/chart.php?id=frt
ocb,Ngân hàng Thương mại cổ phần Phương Đông,11.40,0.15,"1,993,300","2,726,888","2,465,789,152","23,117",https://www.cophieu68.vn/chart/chart.php?id=ocb
vgc,Tổng Công ty Viglacera - CTCP,51.20,0.50,"900,700","1,030,613","448,350,000","22,731",https://www.cophieu68.vn/chart/chart.php?id=vgc
msb,Ngân hàng Thương mại cổ phần Hàng hải Việt Nam,11.40,0.05,"6,692,300","7,381,068","2,600,000,000","22,700",https://www.cophieu68.vn/chart/chart.php?id=msb
kbc,Tổng Công ty Phát triển Đô thị Kinh Bắc - CTCP,29.55,0.75,"8,111,600","5,526,970","767,604,759","22,107",https://www.cophieu68.vn/chart/chart.php?id=kbc
hcm,CTCP Chứng khoán Thành phố Hồ Chí Minh,29.30,0.30,"14,030,800","8,139,665","754,397,880","21,853",https://www.cophieu68.vn/chart/chart.php?id=hcm
vnd,CTCP Chứng khoán VNDirect,12.75,0.10,"11,913,100","14,454,793","1,522,299,908","19,257",https://www.cophieu68.vn/chart/chart.php?id=vnd
dcm,CTCP Phân bón Dầu khí Cà Mau,36,-0.30,"2,026,400","3,901,587","529,400,000","19,217",https://www.cophieu68.vn/chart/chart.php?id=dcm
gmd,CTCP Gemadept,61.70,0,"809,000","1,237,200","413,982,609","19,157",https://www.cophieu68.vn/chart/chart.php?id=gmd
gex,Tổng Công ty cổ phần Thiết bị Điện Việt Nam,22,-0.20,"6,374,800","10,475,094","859,429,793","18,903",https://www.cophieu68.vn/chart/chart.php?id=gex
kdc,CTCP Tập đoàn KIDO,58.80,0,"295,400","699,225","314,220,585","18,476",https://www.cophieu68.vn/chart/chart.php?id=kdc
nvl,CTCP Tập đoàn Đầu tư Địa ốc No Va,9.25,0.23,"5,904,100","15,405,977","1,950,104,538","17,590",https://www.cophieu68.vn/chart/chart.php?id=nvl
vpi,CTCP Đầu tư Văn Phú - INVEST,58,0.60,"2,141,100","1,263,828","320,049,577","16,669",https://www.cophieu68.vn/chart/chart.php?id=vpi
pdr,CTCP Phát triển Bất động sản Phát Đạt,19.10,0.15,"4,471,600","8,624,479","873,140,083","16,546",https://www.cophieu68.vn/chart/chart.php?id=pdr
vhc,CTCP Vĩnh Hoàn,70.50,0.50,"771,800","810,902","224,453,159","15,712",https://www.cophieu68.vn/chart/chart.php?id=vhc
vci,CTCP Chứng khoán Bản Việt,35.35,0.45,"12,888,400","5,781,577","718,099,480","15,422",https://www.cophieu68.vn/chart/chart.php?id=vci
dpm,Tổng Công ty Phân bón và Hóa chất Dầu khí - CTCP,36.15,-0.30,"4,345,900","2,891,616","388,954,320","14,088",https://www.cophieu68.vn/chart/chart.php?id=dpm
hag,CTCP Hoàng Anh Gia Lai,12.40,0,"2,942,300","9,347,417","1,057,467,947","13,113",https://www.cophieu68.vn/chart/chart.php?id=hag
dhg,CTCP Dược Hậu Giang,100.70,0.40,"34,400","25,191","130,735,941","13,112",https://www.cophieu68.vn/chart/chart.php?id=dhg
pvd,Tổng Công ty cổ phần Khoan và Dịch vụ khoan Dầu khí,24.25,0.75,"11,694,600","4,301,211","556,296,006","13,073",https://www.cophieu68.vn/chart/chart.php?id=pvd
fts,CTCP Chứng khoán FPT,41.20,0.30,"2,137,700","2,067,919","305,919,366","12,512",https://www.cophieu68.vn/chart/chart.php?id=fts
nlg,CTCP Đầu tư Nam Long,32.20,-0.15,"2,275,100","2,256,707","384,777,471","12,448",https://www.cophieu68.vn/chart/chart.php?id=nlg
vcg,Tổng Công ty cổ phần Xuất nhập khẩu và Xây dựng Việt Nam,21.50,-0.25,"8,709,800","4,761,072","598,593,458","12,232",https://www.cophieu68.vn/chart/chart.php?id=vcg
lgc,CTCP Đầu tư Cầu đường CII,63.60,0,0,236,"192,436,555","12,212",https://www.cophieu68.vn/chart/chart.php?id=lgc
vsh,CTCP Thủy điện Vĩnh Sơn - Sông Hinh,50.60,0.10,"27,800","15,820","232,241,246","11,526",https://www.cophieu68.vn/chart/chart.php?id=vsh
dig,Tổng Công ty cổ phần Đầu tư Phát triển Xây dựng,18.45,-0.15,"6,359,100","13,595,298","609,851,995","11,343",https://www.cophieu68.vn/chart/chart.php?id=dig
sjs,CTCP Đầu tư Phát triển Đô thị và Khu công nghiệp Sông Đà,92.40,-0.50,"30,800","85,649","113,897,480","10,492",https://www.cophieu68.vn/chart/chart.php?id=sjs
tch,CTCP Đầu tư Dịch vụ Tài chính Hoàng Huy,15.45,0.05,"4,346,500","8,909,885","668,215,843","10,291",https://www.cophieu68.vn/chart/chart.php?id=tch
hsg,CTCP Tập đoàn Hoa Sen,17,0.35,"5,277,900","9,538,462","620,982,309","10,256",https://www.cophieu68.vn/chart/chart.php?id=hsg
dxg,CTCP Tập đoàn Đất Xanh,14.55,0.15,"11,781,800","12,447,670","870,849,984","10,223",https://www.cophieu68.vn/chart/chart.php?id=dxg
bsi,CTCP Chứng khoán Ngân hàng Đầu tư và Phát triển Việt Nam,45.70,0.40,"186,500","653,570","223,060,701","10,105",https://www.cophieu68.vn/chart/chart.php?id=bsi
bwe,CTCP Nước - Môi trường Bình Dương,45.75,0,"102,900","269,778","219,928,644","10,062",https://www.cophieu68.vn/chart/chart.php?id=bwe
sbt,CTCP Thành Thành Công - Biên Hòa,13.40,-0.10,"2,293,100","2,419,002","814,551,092","9,997",https://www.cophieu68.vn/chart/chart.php?id=sbt
bmp,CTCP Nhựa Bình Minh,118.60,-0.70,"94,000","228,404","81,259,014","9,694",https://www.cophieu68.vn/chart/chart.php?id=bmp
ctd,CTCP Xây dựng Coteccons,92.10,2.10,"1,499,700","1,138,146","103,633,261","9,321",https://www.cophieu68.vn/chart/chart.php?id=ctd
pvt,Tổng Công ty cổ phần Vận tải Dầu khí,26.10,0.35,"1,668,000","2,911,498","356,012,638","9,167",https://www.cophieu68.vn/chart/chart.php?id=pvt
hdg,CTCP Tập đoàn Hà Đô,27.55,0.55,"3,037,600","4,049,976","336,331,529","9,081",https://www.cophieu68.vn/chart/chart.php?id=hdg
dbc,CTCP Tập đoàn Dabaco Việt Nam,27.45,0.45,"7,085,800","6,752,915","334,669,145","9,036",https://www.cophieu68.vn/chart/chart.php?id=dbc
bhn,Tổng Công ty cổ phần Bia - Rượu - Nước giải khát Hà Nội,37.50,0,100,"1,957","231,800,000","8,693",https://www.cophieu68.vn/chart/chart.php?id=bhn
cmg,CTCP Tập đoàn Công nghệ CMC,45,-0.25,"811,200","1,309,002","211,387,619","8,621",https://www.cophieu68.vn/chart/chart.php?id=cmg
kos,CTCP KOSY,39.35,0.05,"376,100","340,187","216,481,335","8,508",https://www.cophieu68.vn/chart/chart.php?id=kos
hng,CTCP Nông nghiệp Quốc tế Hoàng Anh Gia Lai,7.10,-0.20,"3,441,300","3,680,964","1,108,553,895","7,982",https://www.cophieu68.vn/chart/chart.php?id=hng
szc,CTCP Sonadezi Châu Đức,42.85,-0.70,"4,293,500","1,622,302","179,985,863","7,838",https://www.cophieu68.vn/chart/chart.php?id=szc
pc1,CTCP Xây lắp Điện I,23.60,-0.20,"2,153,000","3,431,274","357,644,892","7,402",https://www.cophieu68.vn/chart/chart.php?id=pc1
scs,CTCP Dịch vụ Hàng hóa Sài Gòn,77.40,-0.30,"407,000","215,440","94,886,982","7,373",https://www.cophieu68.vn/chart/chart.php?id=scs
tms,CTCP Transimex,42.40,-0.10,100,"5,038","169,349,465","7,197",https://www.cophieu68.vn/chart/chart.php?id=tms
phr,CTCP Cao su Phước Hòa,54.40,1.60,"620,100","324,353","135,499,198","7,154",https://www.cophieu68.vn/chart/chart.php?id=phr
baf,Công ty Cổ phần Nông nghiệp BaF Việt Nam,29.20,0.30,"4,176,400","3,510,091","239,021,642","6,908",https://www.cophieu68.vn/chart/chart.php?id=baf
vix,CTCP Chứng khoán VIX,10.15,0.10,"25,225,600","21,331,811","1,458,513,173","6,728",https://www.cophieu68.vn/chart/chart.php?id=vix
hah,CTCP Vận tải và Xếp dỡ Hải An,54,-0.20,"2,298,400","3,125,738","121,343,091","6,577",https://www.cophieu68.vn/chart/chart.php?id=hah
dgw,CTCP Thế Giới Số,37.85,0.10,"1,360,400","1,690,331","219,391,776","6,313",https://www.cophieu68.vn/chart/chart.php?id=dgw
nt2,CTCP Điện lực Dầu khí Nhơn Trạch 2,21.10,-0.20,"595,400","589,496","287,876,029","6,132",https://www.cophieu68.vn/chart/chart.php?id=nt2
pan,CTCP Tập đoàn Pan,27.05,-0.45,"1,391,500","1,485,468","216,294,580","5,948",https://www.cophieu68.vn/chart/chart.php?id=pan
tdm,CTCP Nước Thủ Dầu Một,52,0,0,"32,778","110,000,000","5,720",https://www.cophieu68.vn/chart/chart.php?id=tdm
dbd,CTCP Dược - Trang thiết bị Y tế Bình Định,59.80,-0.20,"278,100","223,976","93,593,847","5,616",https://www.cophieu68.vn/chart/chart.php?id=dbd
vcf,CTCP Vinacafé Biên Hòa,210.90,-0.20,600,857,"26,579,135","5,611",https://www.cophieu68.vn/chart/chart.php?id=vcf
ijc,CTCP Phát triển Hạ tầng Kỹ thuật,14.50,-0.10,"2,032,300","2,688,869","377,748,384","5,515",https://www.cophieu68.vn/chart/chart.php?id=ijc
bcg,CTCP Bamboo Capital,5.96,-0.12,"18,066,800","6,911,222","880,210,644","5,352",https://www.cophieu68.vn/chart/chart.php?id=bcg
cts,CTCP Chứng khoán Ngân hàng Công thương Việt Nam,34.55,0.20,"979,800","1,492,826","148,738,311","5,109",https://www.cophieu68.vn/chart/chart.php?id=cts
csv,CTCP Hóa chất Cơ bản Miền Nam,45.70,-0.30,"1,811,900","1,552,003","110,499,910","5,083",https://www.cophieu68.vn/chart/chart.php?id=csv
chp,CTCP Thủy điện Miền Trung,35.80,1.60,"81,500","21,339","146,912,668","5,024",https://www.cophieu68.vn/chart/chart.php?id=chp
vsc,CTCP Container Việt Nam,18.50,-0.05,"3,056,300","4,049,836","286,796,819","4,949",https://www.cophieu68.vn/chart/chart.php?id=vsc
ors,CTCP Chứng khoán Tiên Phong,14.65,0.05,"11,361,400","4,205,426","335,999,743","4,906",https://www.cophieu68.vn/chart/chart.php?id=ors
tlg,CTCP Tập đoàn Thiên Long,61.40,-0.50,"125,600","204,297","86,453,898","4,865",https://www.cophieu68.vn/chart/chart.php?id=tlg
ht1,CTCP Xi măng Hà Tiên 1,12.60,-0.10,"1,178,100","425,297","381,541,911","4,845",https://www.cophieu68.vn/chart/chart.php?id=ht1
tmp,CTCP Thủy điện Thác Mơ,67,0,0,"1,879","70,000,000","4,690",https://www.cophieu68.vn/chart/chart.php?id=tmp
cii,CTCP Đầu tư Hạ tầng Kỹ thuật Thành phố Hồ Chí Minh,14.25,0,"4,626,000","4,674,337","319,752,413","4,543",https://www.cophieu68.vn/chart/chart.php?id=cii
vds,CTCP Chứng khoán Rồng Việt,18.40,0.20,"1,188,000","1,673,770","243,000,000","4,423",https://www.cophieu68.vn/chart/chart.php?id=vds
geg,CTCP Điện Gia Lai,12.70,0,"704,700","726,329","358,308,371","4,334",https://www.cophieu68.vn/chart/chart.php?id=geg
bic,Tổng Công ty cổ phần Bảo hiểm Ngân hàng Đầu tư và Phát triển Việt Nam,36.50,-0.20,"42,200","72,044","117,276,895","4,304",https://www.cophieu68.vn/chart/chart.php?id=bic
pdn,CTCP Cảng Đồng Nai,113,0,"4,000","1,375","37,043,908","4,186",https://www.cophieu68.vn/chart/chart.php?id=pdn
tcm,CTCP Dệt may - Đầu tư - Thương mại Thành Công,41.35,0.25,"1,713,700","2,014,504","101,855,032","4,182",https://www.cophieu68.vn/chart/chart.php?id=tcm
ptb,CTCP Phú Tài,60.60,-0.40,"93,300","244,347","70,578,663","4,083",https://www.cophieu68.vn/chart/chart.php?id=ptb
msh,CTCP May Sông Hồng,57.20,3.70,"909,500","194,930","75,014,100","4,013",https://www.cophieu68.vn/chart/chart.php?id=msh
dxs,Công ty Cổ phần Dịch vụ Bất động sản Đất Xanh,6.74,0.10,"1,199,900","1,823,529","579,103,124","3,845",https://www.cophieu68.vn/chart/chart.php?id=dxs
stg,CTCP Kho vận Miền Nam,38.55,0,0,323,"98,253,357","3,788",https://www.cophieu68.vn/chart/chart.php?id=stg
dpr,CTCP Cao su Đồng Phú,43.75,0.40,"1,055,300","572,024","86,885,932","3,767",https://www.cophieu68.vn/chart/chart.php?id=dpr
ppc,CTCP Nhiệt điện Phả Lại,11.75,-0.05,"733,200","413,467","326,235,000","3,754",https://www.cophieu68.vn/chart/chart.php?id=ppc
hdc,CTCP Phát triển Nhà Bà Rịa - Vũng Tàu,24.10,0.05,"1,214,800","2,399,394","178,354,966","3,730",https://www.cophieu68.vn/chart/chart.php?id=hdc
imp,CTCP Dược phẩm Imexpharm,48.10,0.20,"300,000","106,351","154,046,775","3,690",https://www.cophieu68.vn/chart/chart.php?id=imp
agr,CTCP Chứng khoán Agribank,16.80,0.20,"676,900","1,429,284","215,391,309","3,575",https://www.cophieu68.vn/chart/chart.php?id=agr
shp,CTCP Thủy điện Miền Nam,35.65,0.35,"11,200","8,732","101,206,352","3,573",https://www.cophieu68.vn/chart/chart.php?id=shp
nkg,CTCP Thép Nam Kim,13.70,0.20,"4,977,700","5,735,474","447,572,270","3,554",https://www.cophieu68.vn/chart/chart.php?id=nkg
drc,CTCP Cao su Đà Nẵng,28.40,0.10,"857,300","949,721","118,792,605","3,362",https://www.cophieu68.vn/chart/chart.php?id=drc
qcg,CTCP Quốc Cường Gia Lai,12.25,0.05,"625,100","977,544","275,129,310","3,357",https://www.cophieu68.vn/chart/chart.php?id=qcg
sgn,CTCP Phục vụ Mặt đất Sài Gòn,100.90,2,"63,800","22,987","33,581,691","3,321",https://www.cophieu68.vn/chart/chart.php?id=sgn
aaa,CTCP Nhựa An Phát Xanh,8.68,0.08,"1,803,000","3,589,366","382,274,496","3,288",https://www.cophieu68.vn/chart/chart.php?id=aaa
dvp,CTCP Đầu tư và Phát triển Cảng Đình Vũ,82,0.70,"16,500","11,669","40,000,000","3,252",https://www.cophieu68.vn/chart/chart.php?id=dvp
cre,CTCP Bất động sản Thế Kỷ,7.03,0.08,"60,800","271,450","463,678,534","3,223",https://www.cophieu68.vn/chart/chart.php?id=cre
tra,CTCP Traphaco,76.80,-0.10,"4,400","2,204","41,450,983","3,187",https://www.cophieu68.vn/chart/chart.php?id=tra
vfg,CTCP Khử trùng Việt Nam,74.90,-0.60,"26,600","47,057","41,704,404","3,148",https://www.cophieu68.vn/chart/chart.php?id=vfg
mig,Tổng Công ty cổ phần Bảo hiểm Quân Đội,18,0.05,"541,600","412,788","198,573,375","3,099",https://www.cophieu68.vn/chart/chart.php?id=mig
sgt,CTCP Công nghệ Viễn Thông Sài Gòn,20.90,0,"59,700","72,812","148,003,208","3,093",https://www.cophieu68.vn/chart/chart.php?id=sgt
tvs,CTCP Chứng khoán Thiên Việt,18.65,0.25,"99,100","280,888","166,995,274","3,073",https://www.cophieu68.vn/chart/chart.php?id=tvs
fmc,CTCP Thực phẩm Sao Ta,46.80,0,"53,900","53,922","65,406,519","3,062",https://www.cophieu68.vn/chart/chart.php?id=fmc
pgd,CTCP Phân phối khí thấp áp Dầu khí Việt Nam,30.70,0.05,"1,200","5,459","98,998,266","3,034",https://www.cophieu68.vn/chart/chart.php?id=pgd
vpd,CTCP Phát triển Điện lực Việt Nam,27.55,-0.15,"4,500","14,277","106,589,629","2,953",https://www.cophieu68.vn/chart/chart.php?id=vpd
nct,CTCP Dịch vụ Hàng hóa Nội Bài,113,0.60,"27,700","9,534","26,166,940","2,941",https://www.cophieu68.vn/chart/chart.php?id=nct
tdp,CTCP Thuận Đức,33.20,-0.10,"102,300","108,030","88,222,250","2,938",https://www.cophieu68.vn/chart/chart.php?id=tdp
asm,CTCP Tập đoàn Sao Mai,8.16,0.24,"1,365,500","1,858,480","370,178,250","2,932",https://www.cophieu68.vn/chart/chart.php?id=asm
dpg,CTCP Đạt Phương,46.20,0.45,"517,600","926,507","62,999,554","2,882",https://www.cophieu68.vn/chart/chart.php?id=dpg
ral,CTCP Bóng đèn Phích nước Rạng Đông,119.80,-0.10,"9,800","18,108","23,547,419","2,823",https://www.cophieu68.vn/chart/chart.php?id=ral
dhc,CTCP Đông Hải Bến Tre,34.90,0.55,"240,000","310,681","80,493,048","2,765",https://www.cophieu68.vn/chart/chart.php?id=dhc
dmc,CTCP Xuất nhập khẩu Y Tế Domesco,77.20,-1.80,"5,000","3,385","34,727,465","2,743",https://www.cophieu68.vn/chart/chart.php?id=dmc
sam,CTCP SAM HOLDINGS,7.09,0.01,"361,700","625,482","379,960,971","2,690",https://www.cophieu68.vn/chart/chart.php?id=sam
hhs,CTCP Đầu tư Dịch vụ Hoàng Huy,7.30,0.06,"1,249,900","2,145,164","367,985,968","2,664",https://www.cophieu68.vn/chart/chart.php?id=hhs
pgi,Tổng Công ty cổ phần Bảo hiểm Petrolimex,22.55,-1.45,"1,300","2,739","110,783,906","2,656",https://www.cophieu68.vn/chart/chart.php?id=pgi
stk,CTCP Sợi Thế Kỷ,26.35,-0.35,"122,200","105,588","96,636,924","2,580",https://www.cophieu68.vn/chart/chart.php?id=stk
shi,CTCP Quốc tế Sơn Hà,15.35,-0.45,"276,400","407,398","162,176,449","2,562",https://www.cophieu68.vn/chart/chart.php?id=shi
ast,CTCP Dịch vụ Hàng không Taseco,56.60,0.20,"10,900","19,234","45,000,000","2,538",https://www.cophieu68.vn/chart/chart.php?id=ast
bmi,Tổng Công ty cổ phần Bảo Minh,21,0,"125,500","214,445","132,643,949","2,532",https://www.cophieu68.vn/chart/chart.php?id=bmi
elc,CTCP Đầu tư Phát triển Công nghệ Điện tử - Viễn thông,30.20,-0.10,"769,500","1,035,164","83,290,077","2,524",https://www.cophieu68.vn/chart/chart.php?id=elc
tbc,CTCP Thủy điện Thác Bà,40,0.35,100,"2,949","63,500,000","2,518",https://www.cophieu68.vn/chart/chart.php?id=tbc
agg,CTCP Đầu tư và Phát triển Bất động sản An Gia,16.05,0,"468,100","794,982","162,528,081","2,510",https://www.cophieu68.vn/chart/chart.php?id=agg
bfc,CTCP Phân bón Bình Điền,42.70,-1,"750,300","659,037","57,167,993","2,498",https://www.cophieu68.vn/chart/chart.php?id=bfc
pet,Tổng Công ty cổ phần Dịch vụ Tổng hợp Dầu khí,23.40,0.30,"715,700","845,139","107,334,831","2,479",https://www.cophieu68.vn/chart/chart.php?id=pet
khg,Công ty Cổ phần Bất động sản Khải Hoàn Land,5.33,0.03,"3,868,000","3,753,326","449,435,205","2,382",https://www.cophieu68.vn/chart/chart.php?id=khg
fcn,CTCP FECON,15.10,0,"1,728,700","1,028,494","157,439,005","2,377",https://www.cophieu68.vn/chart/chart.php?id=fcn
hbc,CTCP Tập đoàn Xây dựng Hòa Bình,6.80,0,"1,849,900","1,449,822","347,213,270","2,361",https://www.cophieu68.vn/chart/chart.php?id=hbc
ksb,CTCP Khoáng sản và Xây dựng Bình Dương,20.35,0.20,"4,044,600","1,654,343","114,779,103","2,313",https://www.cophieu68.vn/chart/chart.php?id=ksb
trc,CTCP Cao su Tây Ninh,81,2.90,"267,000","67,620","30,000,000","2,312",https://www.cophieu68.vn/chart/chart.php?id=trc
vos,CTCP Vận tải Biển Việt Nam,16.25,-0.15,"2,514,700","2,759,274","140,000,000","2,296",https://www.cophieu68.vn/chart/chart.php?id=vos
anv,CTCP Nam Việt,16.75,-0.20,"1,102,800","1,619,502","267,079,250","2,257",https://www.cophieu68.vn/chart/chart.php?id=anv
scr,CTCP Địa ốc Sài Gòn Thương Tín,5.70,0.15,"2,092,600","1,893,154","430,595,036","2,196",https://www.cophieu68.vn/chart/chart.php?id=scr
nbb,CTCP Đầu tư Năm Bảy Bảy,21.70,-0.20,"13,700","76,443","100,336,256","2,194",https://www.cophieu68.vn/chart/chart.php?id=nbb
tta,Công ty Cổ phần Đầu tư Xây dựng và Phát triển Trường Thành,12.80,-0.10,"631,000","774,012","170,057,593","2,194",https://www.cophieu68.vn/chart/chart.php?id=tta
tv2,CTCP Tư vấn Xây dựng Điện 2,32.15,-0.15,"259,400","548,350","67,526,165","2,181",https://www.cophieu68.vn/chart/chart.php?id=tv2
tnh,Công ty Cổ phần Bệnh viện Quốc tế Thái Nguyên,19.70,-0.05,"476,700","726,949","144,181,270","2,177",https://www.cophieu68.vn/chart/chart.php?id=tnh
lcg,CTCP Licogi 16,10.90,-0.10,"3,087,300","3,001,502","193,091,170","2,102",https://www.cophieu68.vn/chart/chart.php?id=lcg
sgr,CTCP Địa ốc Sài Gòn,35,0,"41,400","144,628","60,000,000","2,100",https://www.cophieu68.vn/chart/chart.php?id=sgr
lix,CTCP Bột Giặt Lix,31.60,-0.25,"58,400","39,546","64,800,000","2,064",https://www.cophieu68.vn/chart/chart.php?id=lix
ntl,CTCP Phát triển Đô thị Từ Liêm,17.40,0.15,"920,100","1,830,259","121,979,900","2,059",https://www.cophieu68.vn/chart/chart.php?id=ntl
yeg,CTCP Tập đoàn Yeah1,14.80,0,"2,008,100","2,080,396","191,802,036","2,028",https://www.cophieu68.vn/chart/chart.php?id=yeg
idi,CTCP Đầu tư và Phát triển Đa Quốc Gia - IDI,7.55,0.19,"965,900","1,590,866","273,172,668","2,011",https://www.cophieu68.vn/chart/chart.php?id=idi
ckg,CTCP Tập đoàn Tư vấn Đầu tư và Xây dựng Kiên Giang,20.80,0.15,"16,200","157,490","95,259,361","1,967",https://www.cophieu68.vn/chart/chart.php?id=ckg
apg,CTCP Chứng khoán APG,8.59,0.13,"283,300","276,026","223,621,942","1,892",https://www.cophieu68.vn/chart/chart.php?id=apg
sba,CTCP Sông Ba,30.60,0.30,"9,500","15,455","60,488,261","1,833",https://www.cophieu68.vn/chart/chart.php?id=sba
hqc,CTCP Tư vấn Thương mại Dịch vụ Địa Ốc Hoàng Quân,3.13,0.01,"1,756,200","4,428,506","576,600,000","1,799",https://www.cophieu68.vn/chart/chart.php?id=hqc
dcl,CTCP Dược phẩm Cửu Long,25.50,1.25,"713,700","336,089","73,041,030","1,771",https://www.cophieu68.vn/chart/chart.php?id=dcl
aph,CTCP Tập đoàn An Phát Holdings,7.24,-0.01,"390,900","1,469,448","243,884,268","1,768",https://www.cophieu68.vn/chart/chart.php?id=aph
lhg,CTCP Long Hậu,35.50,0.30,"54,900","201,872","49,997,516","1,759",https://www.cophieu68.vn/chart/chart.php?id=lhg
hax,CTCP Dịch vụ Ô tô Hàng Xanh,16.55,0.20,"499,500","892,043","107,439,681","1,757",https://www.cophieu68.vn/chart/chart.php?id=hax
pac,CTCP Pin Ắc quy Miền Nam,37.85,0.65,"586,300","137,104","46,475,609","1,729",https://www.cophieu68.vn/chart/chart.php?id=pac
csm,CTCP Công nghiệp Cao su Miền Nam,15.80,-0.30,"1,033,300","531,515","103,625,925","1,668",https://www.cophieu68.vn/chart/chart.php?id=csm
asg,Công ty Cổ phần Tập đoàn ASG,18.10,-0.10,"9,200","2,011","90,784,669","1,652",https://www.cophieu68.vn/chart/chart.php?id=asg
ctf,CTCP City Auto,19.20,0.90,"252,000","158,387","95,654,215","1,636",https://www.cophieu68.vn/chart/chart.php?id=ctf
acc,CTCP Đầu tư và Xây dựng Bình Dương ACC,14.60,0,"63,100","80,830","104,999,993","1,533",https://www.cophieu68.vn/chart/chart.php?id=acc
s4a,CTCP Thủy điện Sê San 4A,36,0,"4,100","1,068","42,200,000","1,519",https://www.cophieu68.vn/chart/chart.php?id=s4a
tcd,CTCP Đầu tư Phát triển Công nghiệp và Vận tải,4.69,0.19,"4,329,200","1,210,237","335,820,641","1,511",https://www.cophieu68.vn/chart/chart.php?id=tcd
opc,CTCP Dược phẩm OPC,23.50,0,"4,100","4,880","64,050,892","1,505",https://www.cophieu68.vn/chart/chart.php?id=opc
nsc,CTCP Tập đoàn Giống cây trồng Việt Nam,83.20,0.80,"4,600","4,447","17,586,988","1,449",https://www.cophieu68.vn/chart/chart.php?id=nsc
svc,CTCP Dịch vụ Tổng hợp Sài Gòn,21.10,0,0,"1,668","66,610,498","1,405",https://www.cophieu68.vn/chart/chart.php?id=svc
fit,CTCP Tập đoàn F.I.T,4.07,0.01,"717,300","853,632","339,933,034","1,380",https://www.cophieu68.vn/chart/chart.php?id=fit
tip,CTCP Phát triển Khu Công nghiệp Tín Nghĩa,22,1,"490,200","393,007","65,007,857","1,365",https://www.cophieu68.vn/chart/chart.php?id=tip
thg,CTCP Đầu tư và Xây dựng Tiền Giang,53.30,0.90,"75,700","29,457","25,941,887","1,359",https://www.cophieu68.vn/chart/chart.php?id=thg
ogc,CTCP Tập đoàn Đại Dương,4.50,-0.01,"395,100","306,934","300,000,000","1,353",https://www.cophieu68.vn/chart/chart.php?id=ogc
clc,CTCP Cát Lợi,50.50,-1.10,"6,900","7,228","26,207,583","1,352",https://www.cophieu68.vn/chart/chart.php?id=clc
cti,CTCP Đầu tư Phát triển Cường Thuận IDICO,21.15,-0.05,"1,164,800","607,980","62,999,997","1,336",https://www.cophieu68.vn/chart/chart.php?id=cti
evg,CTCP Tập đoàn EverLand,6.13,-0.07,"1,317,100","2,094,518","215,249,836","1,335",https://www.cophieu68.vn/chart/chart.php?id=evg
hpx,CTCP Đầu tư Hải Phát,4.42,0.04,"963,200","2,848,867","304,168,581","1,332",https://www.cophieu68.vn/chart/chart.php?id=hpx
tdc,CTCP Kinh doanh và Phát triển Bình Dương,12.65,-0.05,"1,491,500","622,462","100,000,000","1,270",https://www.cophieu68.vn/chart/chart.php?id=tdc
tcl,CTCP Đại lý Giao nhận Vận tải Xếp dỡ Tân Cảng,41.70,0.40,"245,000","55,517","30,158,436","1,246",https://www.cophieu68.vn/chart/chart.php?id=tcl
vto,CTCP Vận tải Xăng dầu Vitaco,15.55,0.05,"474,500","655,598","79,866,666","1,238",https://www.cophieu68.vn/chart/chart.php?id=vto
ttf,CTCP Tập đoàn Kỹ nghệ gỗ Trường Thành,3.17,0.03,"1,033,000","1,271,570","393,548,302","1,236",https://www.cophieu68.vn/chart/chart.php?id=ttf
cll,CTCP Cảng Cát Lái,36,-0.05,"9,500","5,863","34,000,000","1,226",https://www.cophieu68.vn/chart/chart.php?id=cll
lbm,CTCP Khoáng sản và Vật liệu Xây dựng Lâm Đồng,30.65,0.25,"112,700","35,944","39,657,500","1,195",https://www.cophieu68.vn/chart/chart.php?id=lbm
smb,CTCP Bia Sài Gòn - Miền Trung,40.40,0.40,"8,000","17,500","29,846,648","1,194",https://www.cophieu68.vn/chart/chart.php?id=smb
hrc,CTCP Cao su Hòa Bình,39,0,0,"10,012","30,206,616","1,178",https://www.cophieu68.vn/chart/chart.php?id=hrc
gil,CTCP Sản xuất Kinh doanh và Xuất nhập khẩu Bình Thạnh,16.60,0.45,"613,900","664,557","101,672,690","1,131",https://www.cophieu68.vn/chart/chart.php?id=gil
tix,CTCP Sản xuất Kinh doanh Xuất nhập khẩu Dịch vụ và Đầu tư Tân Bình,36.60,-2.50,400,"1,008","29,246,000","1,114",https://www.cophieu68.vn/chart/chart.php?id=tix
vpg,CTCP Đầu tư Thương mại Xuất nhập khẩu Việt Phát,12.95,0.40,"778,500","595,368","88,415,751","1,110",https://www.cophieu68.vn/chart/chart.php?id=vpg
cng,CTCP CNG Việt Nam,31.80,0.70,"224,600","336,997","35,099,625","1,092",https://www.cophieu68.vn/chart/chart.php?id=cng
nha,Tổng Công ty Đầu tư Phát triển Nhà và Đô thị Nam Hà Nội,24.95,0.25,"487,800","848,932","44,174,520","1,091",https://www.cophieu68.vn/chart/chart.php?id=nha
naf,CTCP Nafoods Group,19.70,0.15,"475,300","228,643","55,620,567","1,087",https://www.cophieu68.vn/chart/chart.php?id=naf
szl,CTCP Sonadezi Long Thành,44.20,1.70,"39,400","6,567","27,305,740","1,084",https://www.cophieu68.vn/chart/chart.php?id=szl
d2d,CTCP Phát triển Đô thị Công nghiệp số 2,35.95,0.25,"105,400","71,253","30,259,742","1,079",https://www.cophieu68.vn/chart/chart.php?id=d2d
tte,CTCP Đầu tư Năng lượng Trường Thịnh,37.85,0,0,395,"28,490,400","1,078",https://www.cophieu68.vn/chart/chart.php?id=tte
pgc,Tổng Công ty Gas Petrolimex - CTCP,15.80,0.05,"65,300","40,153","64,985,408","1,024",https://www.cophieu68.vn/chart/chart.php?id=pgc
sjd,CTCP Thủy điện Cần Đơn,14.50,0,"150,200","148,406","68,998,620","1,000",https://www.cophieu68.vn/chart/chart.php?id=sjd
vip,CTCP Vận tải Xăng dầu Vipco,14.10,-0.20,"928,200","484,764","68,470,941",979,https://www.cophieu68.vn/chart/chart.php?id=vip
bbc,CTCP Bibica,51.50,0,0,348,"18,703,097",961,https://www.cophieu68.vn/chart/chart.php?id=bbc
itc,CTCP Đầu tư và Kinh doanh Nhà,9.99,0.07,"163,900","502,213","95,935,049",947,https://www.cophieu68.vn/chart/chart.php?id=itc
tvb,CTCP Chứng khoán Trí Việt,8.17,-0.20,"27,000","347,970","112,097,019",938,https://www.cophieu68.vn/chart/chart.php?id=tvb
nhh,CTCP Nhựa Hà Nội,12.85,0,"30,200","438,122","72,880,000",937,https://www.cophieu68.vn/chart/chart.php?id=nhh
ilb,CTCP ICD Tân Cảng - Long Bình,37.95,0.15,"7,900","6,967","24,502,245",926,https://www.cophieu68.vn/chart/chart.php?id=ilb
htn,CTCP Hưng Thịnh Incons,9.91,-0.19,"953,500","711,481","89,116,411",900,https://www.cophieu68.vn/chart/chart.php?id=htn
lss,CTCP Mía Đường Lam Sơn,11,0,"591,100","623,549","85,744,505",881,https://www.cophieu68.vn/chart/chart.php?id=lss
cvt,CTCP CMC,24.30,1.10,100,"1,911","36,690,887",851,https://www.cophieu68.vn/chart/chart.php?id=cvt
gsp,CTCP Vận tải Sản Phẩm Khí Quốc tế,13.10,0.05,"172,700","294,706","61,379,265",801,https://www.cophieu68.vn/chart/chart.php?id=gsp
cmx,CTCP Camimex Group,7.86,0.08,"257,400","565,220","101,898,990",793,https://www.cophieu68.vn/chart/chart.php?id=cmx
teg,CTCP Năng lượng và Bất động sản Trường Thành,6.52,0.04,"283,500","102,641","120,806,562",783,https://www.cophieu68.vn/chart/chart.php?id=teg
vng,CTCP Du lịch Thành Thành Công,7.99,-0.01,"3,000","11,300","97,276,608",778,https://www.cophieu68.vn/chart/chart.php?id=vng
skg,CTCP Tàu cao tốc Superdong - Kiên Giang,11.70,0.10,"151,200","402,036","66,497,697",771,https://www.cophieu68.vn/chart/chart.php?id=skg
sfi,CTCP Đại lý Vận tải SAFI,30.65,0,"15,100","6,789","24,887,046",763,https://www.cophieu68.vn/chart/chart.php?id=sfi
vdp,CTCP Dược phẩm Trung ương VIDIPHA,34.05,-0.05,"1,900","8,196","22,083,392",753,https://www.cophieu68.vn/chart/chart.php?id=vdp
nvt,CTCP Bất động sản Du lịch Ninh Vân Bay,8.09,0,0,"5,846","90,500,000",732,https://www.cophieu68.vn/chart/chart.php?id=nvt
ads,CTCP Damsan,9.65,0.11,"211,700","419,534","76,394,727",729,https://www.cophieu68.vn/chart/chart.php?id=ads
hhp,CTCP Giấy Hoàng Hà Hải Phòng,8.34,0,"98,200","218,255","86,554,343",722,https://www.cophieu68.vn/chart/chart.php?id=hhp
svi,CTCP Bao bì Biên Hòa,56,0,0,70,"12,808,137",716,https://www.cophieu68.vn/chart/chart.php?id=svi
vns,CTCP Ánh Dương Việt Nam,10.50,0,"1,500","55,587","67,859,192",713,https://www.cophieu68.vn/chart/chart.php?id=vns
btp,CTCP Nhiệt điện Bà Rịa,12.30,0.35,"46,800","51,693","60,485,600",708,https://www.cophieu68.vn/chart/chart.php?id=btp
src,CTCP Cao su Sao Vàng,25.80,1.40,"3,200","2,472","28,065,765",685,https://www.cophieu68.vn/chart/chart.php?id=src
tnc,CTCP Cao su Thống Nhất,34.40,-1.05,100,"1,043","19,250,000",682,https://www.cophieu68.vn/chart/chart.php?id=tnc
khp,CTCP Điện lực Khánh Hòa,11.40,0,"326,600","218,101","60,378,616",654,https://www.cophieu68.vn/chart/chart.php?id=khp
fdc,CTCP Ngoại thương và Phát triển Đầu tư Thành phố Hồ Chí Minh,16.90,0,"1,000","5,952","38,629,988",653,https://www.cophieu68.vn/chart/chart.php?id=fdc
vrc,CTCP Bất động sản và Đầu tư VRC,13.30,0.30,"36,300","56,626","50,000,000",650,https://www.cophieu68.vn/chart/chart.php?id=vrc
dc4,CTCP Xây dựng DIC Holdings,11.15,0,"325,000","343,010","86,623,901",644,https://www.cophieu68.vn/chart/chart.php?id=dc4
nnc,CTCP Đá Núi Nhỏ,28,-0.80,"85,200","20,634","21,920,000",631,https://www.cophieu68.vn/chart/chart.php?id=nnc
dsn,CTCP Công viên nước Đầm Sen,52.30,0.20,"11,400","11,441","12,083,009",630,https://www.cophieu68.vn/chart/chart.php?id=dsn
vph,CTCP Vạn Phát Hưng,6.60,0,"128,300","255,673","95,357,800",629,https://www.cophieu68.vn/chart/chart.php?id=vph
dha,CTCP Hóa An,40.90,0.30,"52,000","67,289","15,061,213",609,https://www.cophieu68.vn/chart/chart.php?id=dha
dlg,CTCP Tập đoàn Đức Long Gia Lai,2,0.03,"1,518,100","1,305,487","299,309,720",590,https://www.cophieu68.vn/chart/chart.php?id=dlg
acl,CTCP Xuất nhập khẩu Thủy sản Cửu Long An Giang,11.60,0,"6,800","24,617","50,159,019",582,https://www.cophieu68.vn/chart/chart.php?id=acl
tn1,CTCP Thương mại Dịch vụ TNS Holdings,10.35,0,0,"2,845","54,632,348",565,https://www.cophieu68.vn/chart/chart.php?id=tn1
dtl,CTCP Đại Thiên Lộc,9.95,-0.05,800,"4,807","58,207,764",550,https://www.cophieu68.vn/chart/chart.php?id=dtl
drl,CTCP Thủy điện - Điện Lực 3,57.70,0,"7,400","4,703","9,500,000",548,https://www.cophieu68.vn/chart/chart.php?id=drl
vaf,CTCP Phân lân Nung chảy Văn Điển,14.50,0,0,"1,836","37,665,348",546,https://www.cophieu68.vn/chart/chart.php?id=vaf
gdt,CTCP Chế biến Gỗ Đức Thành,24.75,0.35,"58,100","53,655","24,059,851",534,https://www.cophieu68.vn/chart/chart.php?id=gdt
clw,CTCP Cấp nước Chợ Lớn,40.50,0,0,"1,322","13,000,000",527,https://www.cophieu68.vn/chart/chart.php?id=clw
sfg,CTCP Phân Bón Miền Nam,11.50,0.60,"37,300","17,239","47,897,333",522,https://www.cophieu68.vn/chart/chart.php?id=sfg
jvc,CTCP Thiết bị Y tế Việt Nhật,4.61,0.01,"533,600","415,859","112,500,171",518,https://www.cophieu68.vn/chart/chart.php?id=jvc
tmt,CTCP Ô tô TMT,13.85,-0.25,"64,700","29,141","36,877,980",514,https://www.cophieu68.vn/chart/chart.php?id=tmt
tsc,CTCP Vật tư Kỹ thuật nông nghiệp Cần Thơ,2.59,-0.01,"380,700","466,237","196,858,925",512,https://www.cophieu68.vn/chart/chart.php?id=tsc
btt,CTCP Thương mại Dịch vụ Bến Thành,37.85,0,0,239,"13,500,000",511,https://www.cophieu68.vn/chart/chart.php?id=btt
hap,CTCP Tập đoàn Hapaco,4.62,0.02,"140,300","119,674","110,942,302",510,https://www.cophieu68.vn/chart/chart.php?id=hap
dat,CTCP Đầu tư du lịch và Phát triển Thủy sản,7.33,0,"1,200",994,"69,228,341",507,https://www.cophieu68.vn/chart/chart.php?id=dat
tya,CTCP Dây và Cáp Điện Taya Việt Nam,16.50,0.05,"13,000","8,702","30,682,010",505,https://www.cophieu68.vn/chart/chart.php?id=tya
sav,CTCP Hợp tác Kinh tế và Xuất nhập khẩu Savimex,20.50,-0.05,"5,200","138,745","24,794,195",501,https://www.cophieu68.vn/chart/chart.php?id=sav
ssc,CTCP Giống cây trồng Miền Nam,33.80,0,0,417,"14,992,367",500,https://www.cophieu68.vn/chart/chart.php?id=ssc
tlh,CTCP Tập đoàn Thép Tiến Lên,4.41,0.10,"200,200","894,382","112,320,017",484,https://www.cophieu68.vn/chart/chart.php?id=tlh
ccl,CTCP Đầu Tư và Phát triển Đô Thị Dầu khí Cửu Long,8.08,-0.03,"193,100","598,402","59,581,418",483,https://www.cophieu68.vn/chart/chart.php?id=ccl
ldg,CTCP Đầu tư LDG,1.84,0.01,"686,400","2,050,965","256,972,585",470,https://www.cophieu68.vn/chart/chart.php?id=ldg
hub,CTCP Xây lắp Thừa Thiên Huế,17.70,0.10,"25,200","49,200","26,298,437",463,https://www.cophieu68.vn/chart/chart.php?id=hub
tld,CTCP Đầu tư Xây dựng và Phát triển Đô thị Thăng Long,5.92,-0.02,"114,600","158,878","77,741,356",462,https://www.cophieu68.vn/chart/chart.php?id=tld
mcp,CTCP In và Bao bì Mỹ Châu,31.30,0.70,"7,200","6,476","16,558,277",460,https://www.cophieu68.vn/chart/chart.php?id=mcp
tdw,CTCP Cấp nước Thủ Đức,53.60,0,0,511,"8,500,000",456,https://www.cophieu68.vn/chart/chart.php?id=tdw
ict,CTCP Viễn thông - Tin học Bưu điện,13.75,-0.05,"28,200","84,705","32,185,000",444,https://www.cophieu68.vn/chart/chart.php?id=ict
eve,CTCP Everpia,10.75,0.05,"84,400","74,736","41,979,773",444,https://www.cophieu68.vn/chart/chart.php?id=eve
hti,CTCP Đầu tư Phát triển Hạ tầng IDICO,17.60,0,"9,500","17,730","24,949,200",439,https://www.cophieu68.vn/chart/chart.php?id=hti
fir,CTCP Địa ốc First Real,6.90,0.07,"168,600","614,192","64,245,281",439,https://www.cophieu68.vn/chart/chart.php?id=fir
smc,CTCP Đầu tư Thương mại SMC,5.94,0,"446,400","1,087,191","73,671,869",438,https://www.cophieu68.vn/chart/chart.php?id=smc
cdc,CTCP Chương Dương,19.60,0.10,"41,300","373,193","22,006,716",429,https://www.cophieu68.vn/chart/chart.php?id=cdc
cci,CTCP Đầu tư Phát triển Công nghiệp Thương mại Củ Chi,24.85,0.25,"5,100","3,409","17,541,105",427,https://www.cophieu68.vn/chart/chart.php?id=cci
crc,CTCP Create Capital Việt Nam,6.94,0.06,"330,200","157,610","60,000,000",413,https://www.cophieu68.vn/chart/chart.php?id=crc
uic,CTCP Đầu tư Phát triển Nhà và Đô thị IDICO,49.10,-1.10,"45,000","2,706","8,000,000",402,https://www.cophieu68.vn/chart/chart.php?id=uic
pmg,CTCP Đầu tư và Sản xuất Petro Miền Trung,8.38,0,0,436,"46,336,278",388,https://www.cophieu68.vn/chart/chart.php?id=pmg
abt,CTCP Xuất nhập khẩu Thủy sản Bến Tre,41.80,0,"27,000","3,421","11,838,307",388,https://www.cophieu68.vn/chart/chart.php?id=abt
abs,CTCP Dịch vụ Nông nghiệp Bình Thuận,4.80,0.04,"359,600","352,677","80,000,000",381,https://www.cophieu68.vn/chart/chart.php?id=abs
hvh,CTCP Đầu tư và Công nghệ HVC,9.23,-0.06,"294,100","573,305","40,644,830",378,https://www.cophieu68.vn/chart/chart.php?id=hvh
com,CTCP Vật tư Xăng Dầu,28,0,0,555,"13,752,368",375,https://www.cophieu68.vn/chart/chart.php?id=com
plp,CTCP Sản xuất và Công nghệ Nhựa Pha Lê,5.06,-0.04,"31,600","53,141","70,000,000",357,https://www.cophieu68.vn/chart/chart.php?id=plp
psh,CTCP Thương mại Đầu tư Dầu khí Nam Sông Hậu,2.82,0.02,"230,200","1,004,145","126,196,780",353,https://www.cophieu68.vn/chart/chart.php?id=psh
htl,CTCP Kỹ thuật và Ôtô Trường Long,29.40,0,"5,600","10,669","12,000,000",353,https://www.cophieu68.vn/chart/chart.php?id=htl
bce,CTCP Xây dựng và Giao thông Bình Dương,9.96,0.01,"115,700","83,753","35,000,000",348,https://www.cophieu68.vn/chart/chart.php?id=bce
tvt,Tổng Công ty Việt Thắng - CTCP,16.80,0.30,"21,300","5,766","21,000,000",347,https://www.cophieu68.vn/chart/chart.php?id=tvt
itd,CTCP Công nghệ Tiên Phong,13.90,-0.15,"100,000","146,672","24,461,403",344,https://www.cophieu68.vn/chart/chart.php?id=itd
har,CTCP Đầu tư Thương mại Bất động sản An Dương Thảo Điền,3.35,0,"119,700","287,384","101,350,100",340,https://www.cophieu68.vn/chart/chart.php?id=har
bmc,CTCP Khoáng sản Bình Định,29.15,1.90,"898,500","92,932","12,392,630",338,https://www.cophieu68.vn/chart/chart.php?id=bmc
hii,CTCP An Tiến Industries,4.58,0.01,"415,900","121,090","73,663,016",337,https://www.cophieu68.vn/chart/chart.php?id=hii
hmc,CTCP Kim khí Thành phố Hồ Chí Minh - Vnsteel,12.05,0.05,"22,200","28,274","27,299,999",328,https://www.cophieu68.vn/chart/chart.php?id=hmc
laf,CTCP Chế biến hàng Xuất khẩu Long An,21.05,0.30,"3,700","11,080","15,228,019",316,https://www.cophieu68.vn/chart/chart.php?id=laf
tdh,CTCP Phát triển Nhà Thủ Đức,2.75,-0.01,"264,200","192,126","112,472,707",310,https://www.cophieu68.vn/chart/chart.php?id=tdh
dqc,CTCP Bóng đèn Điện Quang,11.10,0,"9,800","22,690","34,359,416",306,https://www.cophieu68.vn/chart/chart.php?id=dqc
dah,CTCP Tập đoàn Khách sạn Đông Á,3.58,0.01,"131,100","146,991","84,200,000",301,https://www.cophieu68.vn/chart/chart.php?id=dah
srf,CTCP Kỹ nghệ Lạnh,8.74,0.32,"6,000","24,566","35,566,780",299,https://www.cophieu68.vn/chart/chart.php?id=srf
sc5,CTCP Xây dựng Số 5,21.15,1.25,100,"1,364","14,984,543",298,https://www.cophieu68.vn/chart/chart.php?id=sc5
hcd,CTCP Đầu tư Sản xuất và Thương mại HCD,8.06,0,"51,300","455,289","36,958,816",298,https://www.cophieu68.vn/chart/chart.php?id=hcd
vne,Tổng Công ty cổ phần Xây dựng Điện Việt Nam,3.30,-0.03,"79,100","147,423","88,834,033",290,https://www.cophieu68.vn/chart/chart.php?id=vne
phc,CTCP Xây dựng Phục Hưng Holdings,5.64,-0.06,"34,200","92,048","50,602,094",288,https://www.cophieu68.vn/chart/chart.php?id=phc
mhc,CTCP MHC,6.80,-0.15,"75,300","101,162","43,477,186",288,https://www.cophieu68.vn/chart/chart.php?id=mhc
sma,CTCP Thiết bị Phụ tùng Sài Gòn,13,-0.95,200,"2,564","20,352,836",284,https://www.cophieu68.vn/chart/chart.php?id=sma
ric,CTCP Quốc tế Hoàng Gia,3.90,0.40,100,"3,294","79,714,190",279,https://www.cophieu68.vn/chart/chart.php?id=ric
vnl,CTCP Logistics Vinalink,19.35,0.05,"69,000","19,585","14,140,487",273,https://www.cophieu68.vn/chart/chart.php?id=vnl
cig,CTCP COMA 18,8.54,-0.04,"261,200","262,878","31,539,947",271,https://www.cophieu68.vn/chart/chart.php?id=cig
c32,CTCP CIC39,18.15,0.15,"5,700","20,064","15,030,145",271,https://www.cophieu68.vn/chart/chart.php?id=c32
sbv,CTCP Siam Brothers Việt Nam,9.66,-0.14,"14,700","3,526","27,366,476",268,https://www.cophieu68.vn/chart/chart.php?id=sbv
tnt,CTCP Tài Nguyên,5.25,0.05,"314,500","314,415","51,000,000",265,https://www.cophieu68.vn/chart/chart.php?id=tnt
ptl,CTCP Đầu tư Hạ tầng và Đô thị Dầu khí,2.65,0.01,"33,700","100,666","100,000,000",264,https://www.cophieu68.vn/chart/chart.php?id=ptl
pjt,CTCP Vận tải Xăng dầu đường Thủy Petrolimex,10.45,-0.05,400,"5,747","24,882,785",261,https://www.cophieu68.vn/chart/chart.php?id=pjt
vmd,CTCP Y Dược phẩm Vimedimex,16.80,0.05,200,"7,480","15,440,268",259,https://www.cophieu68.vn/chart/chart.php?id=vmd
dhm,CTCP Thương mại và Khai thác Khoáng sản Dương Hiếu,7.49,-0.50,"33,100","46,355","34,535,798",251,https://www.cophieu68.vn/chart/chart.php?id=dhm
c47,CTCP Xây dựng 47,6.85,-0.04,"65,700","67,451","36,342,269",250,https://www.cophieu68.vn/chart/chart.php?id=c47
sfc,CTCP Nhiên liệu Sài Gòn,22.95,1.15,"9,800","2,071","11,234,819",244,https://www.cophieu68.vn/chart/chart.php?id=sfc
vsi,CTCP Đầu tư và Xây dựng Cấp thoát nước,18.20,0,0,"1,636","13,200,000",240,https://www.cophieu68.vn/chart/chart.php?id=vsi
aat,Công ty Cổ phần Tiên Sơn Thanh Hóa,3.40,0.03,"48,900","115,680","70,819,103",239,https://www.cophieu68.vn/chart/chart.php?id=aat
drh,CTCP DRH Holdings,1.90,0,0,"537,854","124,353,866",236,https://www.cophieu68.vn/chart/chart.php?id=drh
dbt,CTCP Dược phẩm Bến Tre,12.40,-0.05,"7,700","12,761","18,610,650",232,https://www.cophieu68.vn/chart/chart.php?id=dbt
tct,CTCP Cáp treo Núi Bà Tây Ninh,18.30,0.25,"6,100","10,278","12,788,000",231,https://www.cophieu68.vn/chart/chart.php?id=tct
bkg,Công ty Cổ phần Đầu tư BKG Việt Nam,3.24,0.04,"145,400","336,600","71,609,020",229,https://www.cophieu68.vn/chart/chart.php?id=bkg
adg,CTCP Clever Group,10.80,0.20,"3,200","4,069","21,380,521",227,https://www.cophieu68.vn/chart/chart.php?id=adg
hid,CTCP Halcom Việt Nam,2.88,-0.02,"50,300","126,655","76,765,032",223,https://www.cophieu68.vn/chart/chart.php?id=hid
tco,CTCP Vận tải Đa phương thức Duyên Hải,11.80,0.20,"190,300","166,940","31,320,622",217,https://www.cophieu68.vn/chart/chart.php?id=tco
vps,CTCP Thuốc sát trùng Việt Nam (VIPESCO),9.38,0.59,"9,500","2,733","24,460,792",215,https://www.cophieu68.vn/chart/chart.php?id=vps
vid,CTCP Đầu tư Phát triển Thương mại Viễn Đông,5.20,0,0,"13,230","40,836,069",212,https://www.cophieu68.vn/chart/chart.php?id=vid
svt,CTCP Công nghệ Sài Gòn Viễn Đông,12.25,0.10,"4,000","12,581","17,310,978",210,https://www.cophieu68.vn/chart/chart.php?id=svt
kmr,CTCP Mirae,3.42,0.08,"109,800","35,923","56,881,443",190,https://www.cophieu68.vn/chart/chart.php?id=kmr
l10,CTCP Lilama 10,19.05,0,0,243,"9,790,000",185,https://www.cophieu68.vn/chart/chart.php?id=l10
fcm,CTCP Khoáng sản FECON,4.33,0.28,"366,100","56,276","46,227,468",183,https://www.cophieu68.vn/chart/chart.php?id=fcm
st8,CTCP Siêu Thanh,7.09,-0.04,"303,800","566,662","25,659,902",183,https://www.cophieu68.vn/chart/chart.php?id=st8
pxs,CTCP Kết cấu Kim loại và Lắp máy Dầu khí,3.10,0.10,"125,500","106,321","60,000,000",180,https://www.cophieu68.vn/chart/chart.php?id=pxs
pnc,CTCP Văn hóa Phương Nam,16.15,-0.80,600,"1,821","10,799,351",179,https://www.cophieu68.vn/chart/chart.php?id=pnc
cmv,CTCP Thương nghiệp Cà Mau,9.60,-0.10,100,"2,146","18,155,868",176,https://www.cophieu68.vn/chart/chart.php?id=cmv
brc,CTCP Cao su Bến Thành,14.25,0.05,"11,500","15,251","12,374,997",176,https://www.cophieu68.vn/chart/chart.php?id=brc
vca,CTCP Thép VICASA - VNSTEEL,11,-0.10,"13,400","13,279","15,187,322",169,https://www.cophieu68.vn/chart/chart.php?id=vca
tpc,CTCP Nhựa Tân Đại Hưng,7.90,0,300,"8,695","24,430,596",168,https://www.cophieu68.vn/chart/chart.php?id=tpc
spm,CTCP SPM,12,0,700,"1,414","14,000,000",168,https://www.cophieu68.vn/chart/chart.php?id=spm
lgl,CTCP Đầu tư và Phát triển Đô thị Long Giang,3.17,0.08,"201,200","77,733","51,497,100",159,https://www.cophieu68.vn/chart/chart.php?id=lgl
hsl,CTCP Đầu tư Phát triển Thực phẩm Hồng Hà,4.10,0,"26,100","114,030","38,567,363",158,https://www.cophieu68.vn/chart/chart.php?id=hsl
dtt,CTCP Kỹ nghệ Đô Thành,19,0,0,276,"8,151,820",155,https://www.cophieu68.vn/chart/chart.php?id=dtt
asp,CTCP Tập đoàn Dầu khí An Pha,4.12,0.02,"32,800","51,480","37,339,929",153,https://www.cophieu68.vn/chart/chart.php?id=asp
lec,CTCP Bất động sản Điện lực Miền Trung,5.77,0,0,484,"26,100,000",151,https://www.cophieu68.vn/chart/chart.php?id=lec
ybm,CTCP Khoáng sản Công nghiệp Yên Bái,11.20,0.70,"7,100","2,757","14,299,880",150,https://www.cophieu68.vn/chart/chart.php?id=ybm
ptc,CTCP Đầu tư và Xây dựng Bưu điện,4.61,-0.03,"18,400","28,211","32,307,324",150,https://www.cophieu68.vn/chart/chart.php?id=ptc
mdg,CTCP Miền Đông,14,0,0,"8,039","10,889,031",148,https://www.cophieu68.vn/chart/chart.php?id=mdg
nav,CTCP Nam Việt,18.20,0.15,"1,700","2,265","8,000,000",144,https://www.cophieu68.vn/chart/chart.php?id=nav
tcr,CTCP Công nghiệp Gốm sứ Taicera,3.15,0.05,"10,300","1,816","45,425,142",141,https://www.cophieu68.vn/chart/chart.php?id=tcr
sha,CTCP Sơn Hà Sài Gòn,4.20,0,"5,000","12,499","33,446,675",140,https://www.cophieu68.vn/chart/chart.php?id=sha
lm8,CTCP Lilama 18,14,-0.10,700,"1,809","9,388,682",132,https://www.cophieu68.vn/chart/chart.php?id=lm8
tni,CTCP Tập đoàn Thành Nam,2.30,0.01,"73,700","150,566","52,500,000",120,https://www.cophieu68.vn/chart/chart.php?id=tni
htv,CTCP Vận tải Hà Tiên,9.57,0.43,"2,400","3,818","13,104,000",120,https://www.cophieu68.vn/chart/chart.php?id=htv
vtb,CTCP Viettronics Tân Bình,10,0,"6,800","4,659","11,982,050",109,https://www.cophieu68.vn/chart/chart.php?id=vtb
kpf,CTCP Đầu tư Tài chính Hoàng Minh,1.77,0.01,"56,500","203,459","60,867,241",107,https://www.cophieu68.vn/chart/chart.php?id=kpf
hvx,CTCP Xi măng VICEM Hải Vân,2.63,0.06,"3,000","18,410","41,525,250",107,https://www.cophieu68.vn/chart/chart.php?id=hvx
gta,CTCP Chế biến gỗ Thuận An,10.35,0.05,"1,100","8,274","10,400,000",101,https://www.cophieu68.vn/chart/chart.php?id=gta
svd,Công ty Cổ phần Đầu tư và Thương mại Vũ Đăng,3.27,0.02,"10,500","58,013","27,605,908",90,https://www.cophieu68.vn/chart/chart.php?id=svd
pit,CTCP Xuất nhập khẩu Petrolimex,5.30,-0.15,"3,700","6,853","14,210,225",72,https://www.cophieu68.vn/chart/chart.php?id=pit
tdg,CTCP Dầu khí Thái Dương,3.61,-0.10,"30,100","90,130","23,243,006",72,https://www.cophieu68.vn/chart/chart.php?id=tdg
rdp,CTCP Rạng Đông Holding,1.31,0,0,"512,159","49,069,803",64,https://www.cophieu68.vn/chart/chart.php?id=rdp
has,CTCP Hacisco,7.90,0,0,"1,366","8,000,000",63,https://www.cophieu68.vn/chart/chart.php?id=has
dta,CTCP Đệ Tam,3.47,0.03,"33,500","23,056","18,059,832",62,https://www.cophieu68.vn/chart/chart.php?id=dta
pxi,CTCP Xây dựng Công nghiệp và Dân dụng Dầu khí,2,0,"116,200","82,777","30,000,000",60,https://www.cophieu68.vn/chart/chart.php?id=pxi
aam,CTCP Thủy sản MeKong,7.26,0.26,600,"6,995","10,446,411",60,https://www.cophieu68.vn/chart/chart.php?id=aam
hu1,CTCP Đầu tư và Xây dựng HUD1,6.24,0.31,"1,800","3,108","10,000,000",59,https://www.cophieu68.vn/chart/chart.php?id=hu1
agm,CTCP Xuất nhập khẩu An Giang,2.90,0.06,"109,500","199,540","18,200,000",52,https://www.cophieu68.vn/chart/chart.php?id=agm
ftm,CTCP Đầu tư và Phát triển Đức Quân,0.90,0,0,"60,154","50,000,000",45,https://www.cophieu68.vn/chart/chart.php?id=ftm
dxv,CTCP VICEM Vật liệu Xây dựng Đà Nẵng,3.88,-0.27,"1,000","27,082","9,900,000",41,https://www.cophieu68.vn/chart/chart.php?id=dxv
lcm,CTCP Khai thác và Chế biến khoáng sản Lào Cai,1.30,0.10,"98,400","123,686","24,633,000",30,https://www.cophieu68.vn/chart/chart.php?id=lcm
